"","year","0","1","prevalence","group"
"1",1916,1,0,0,"seki"
"2",1933,4,0,0,"seki"
"3",1940,1,0,0,"seki"
"4",1953,1,0,0,"seki"
"5",1955,11,0,0,"seki"
"6",1956,3,0,0,"seki"
"7",1970,9,0,0,"seki"
"8",1997,1,0,0,"seki"
"9",1998,0,1,1,"seki"
"10",1999,1,0,0,"seki"
"11",2000,17,2,0.105263157894737,"seki"
"12",2001,11,1,0.0833333333333333,"seki"
"13",2002,9,3,0.25,"seki"
"14",2004,250,349,0.582637729549249,"seki"
"15",2005,1186,755,0.388974755280783,"seki"
"16",2006,433,476,0.523652365236524,"seki"
